3c0b73a5902d,ИкФ МЏЛqBВ≥Вс
709a8a94ccd4,ИкФ МЏЛqCВ≥Вс
72178ea3f377,ИкФ МЏЛqDВ≥Вс
3f67df63a1cb,ИкФ МЏЛqEВ≥Вс
9b9c6dbb9f0e,ИкФ МЏЛqFВ≥Вс
f5b37a9f4f94,ИкФ МЏЛqGВ≥Вс
aa1c91951bbd,ИкФ МЏЛqHВ≥Вс
4aea486a3644,ИкФ МЏЛqIВ≥Вс
abedb4ac7e6f,ИкФ МЏЛqJВ≥Вс
60e8691e2512,ИкФ МЏЛqKВ≥Вс
b7be8af347e7,ИкФ МЏЛqLВ≥Вс
8feaf44d7daa,ИкФ МЏЛqMВ≥Вс
6e75f4336396,ИкФ МЏЛqNВ≥Вс
b9be47006237,ИкФ МЏЛqBВ≥Вс
b031db7dd5db,ИкФ МЏЛqBВ≥Вс
4c29ff917494,ИкФ МЏЛqBВ≥Вс
516542e94f03,ИкФ МЏЛqBВ≥Вс
a7972229432e,ИкФ МЏЛqBВ≥Вс
fe8397071d2f,ИкФ МЏЛqBВ≥Вс
b7c55528c0b0,ИкФ МЏЛqBВ≥Вс
a61821fb1829,ИкФ МЏЛqBВ≥Вс
68c760d5472b,ИкФ МЏЛqBВ≥Вс
ab73ce466f67,ИкФ МЏЛqBВ≥Вс
d53341576571,ИкФ МЏЛqBВ≥Вс
ef1fc02b3eeb,ЧDРжМЏЛqAВ≥Вс
ef1fc02b3eeb,ЧDРжМЏЛqAВ≥Вс
ef1fc02b3eeb,ЧDРжМЏЛqAВ≥Вс
ef1fc02b3eeb,ЧDРжМЏЛqAВ≥Вс
ef1fc02b3eeb,ЧDРжМЏЛqAВ≥Вс
